{
    "$schema": "https://schema.management.azure.com/schemas/2015-01-01/deploymentParameters.json#",
    "contentVersion": "1.0.0.0",
    "parameters": {
        "IotHubs_iothub5AE800F5_connectionString": {
            "value": null
        },
        "IotHubs_iothub5AE800F5_containerName": {
            "value": null
        },
        "sites_iotfunc5ae800f5_name": {
            "value": null
        },
        "IotHubs_iothub5AE800F5_name": {
            "value": null
        },
        "serverfarms_WestEuropePlan_name": {
            "value": null
        },
        "accounts_iotdls5ae800f5_name": {
            "value": null
        },
        "storageAccounts_dev302xwml2104_name": {
            "value": null
        },
        "serverfarms_ASP_IoTCapstoneRG_ad48_name": {
            "value": null
        },
        "accounts_iotdla5ae800f5_name": {
            "value": null
        },
        "streamingjobs_iotasa5ae800f5_name": {
            "value": null
        },
        "dashboards_9ff3b0b6_b28a_4460_b7dd_6e6855ff0fd4_dashboard_name": {
            "value": null
        },
        "components_iotfunc5AE800F5_externalid": {
            "value": null
        }
    }
}