{
    "$schema": "https://schema.management.azure.com/schemas/2015-01-01/deploymentTemplate.json#",
    "contentVersion": "1.0.0.0",
    "parameters": {
        "IotHubs_iothub5AE800F5_connectionString": {
            "type": "SecureString"
        },
        "IotHubs_iothub5AE800F5_containerName": {
            "type": "SecureString"
        },
        "sites_iotfunc5ae800f5_name": {
            "defaultValue": "iotfunc5ae800f5",
            "type": "String"
        },
        "IotHubs_iothub5AE800F5_name": {
            "defaultValue": "iothub5AE800F5",
            "type": "String"
        },
        "serverfarms_WestEuropePlan_name": {
            "defaultValue": "WestEuropePlan",
            "type": "String"
        },
        "accounts_iotdls5ae800f5_name": {
            "defaultValue": "iotdls5ae800f5",
            "type": "String"
        },
        "storageAccounts_dev302xwml2104_name": {
            "defaultValue": "dev302xwml2104",
            "type": "String"
        },
        "serverfarms_ASP_IoTCapstoneRG_ad48_name": {
            "defaultValue": "ASP-IoTCapstoneRG-ad48",
            "type": "String"
        },
        "accounts_iotdla5ae800f5_name": {
            "defaultValue": "iotdla5ae800f5",
            "type": "String"
        },
        "streamingjobs_iotasa5ae800f5_name": {
            "defaultValue": "iotasa5ae800f5",
            "type": "String"
        },
        "dashboards_9ff3b0b6_b28a_4460_b7dd_6e6855ff0fd4_dashboard_name": {
            "defaultValue": "9ff3b0b6-b28a-4460-b7dd-6e6855ff0fd4-dashboard",
            "type": "String"
        },
        "components_iotfunc5AE800F5_externalid": {
            "defaultValue": "/subscriptions/c4b36e57-94c5-4b3d-8ff0-053c9c798731/resourceGroups/IoTCapstoneRG/providers/microsoft.insights/components/iotfunc5AE800F5",
            "type": "String"
        }
    },
    "variables": {},
    "resources": [
        {
            "type": "Microsoft.DataLakeAnalytics/accounts",
            "apiVersion": "2016-11-01",
            "name": "[parameters('accounts_iotdla5ae800f5_name')]",
            "location": "westeurope",
            "properties": {
                "firewallState": "Disabled",
                "firewallAllowAzureIps": "Disabled",
                "firewallRules": [],
                "defaultDataLakeStoreAccount": "iotdls5ae800f5",
                "dataLakeStoreAccounts": [
                    {
                        "properties": {
                            "suffix": "azuredatalakestore.net"
                        },
                        "name": "iotdls5ae800f5"
                    }
                ],
                "storageAccounts": [],
                "maxDegreeOfParallelism": 32,
                "maxJobCount": 20,
                "maxDegreeOfParallelismPerJob": 32,
                "minPriorityPerJob": 1,
                "computePolicies": [],
                "queryStoreRetention": 30,
                "newTier": "Consumption"
            }
        },
        {
            "type": "Microsoft.DataLakeStore/accounts",
            "apiVersion": "2016-11-01",
            "name": "[parameters('accounts_iotdls5ae800f5_name')]",
            "location": "westeurope",
            "properties": {
                "firewallState": "Disabled",
                "firewallAllowAzureIps": "Disabled",
                "firewallRules": [],
                "trustedIdProviderState": "Disabled",
                "trustedIdProviders": [],
                "encryptionState": "Enabled",
                "encryptionConfig": {
                    "type": "ServiceManaged"
                },
                "newTier": "Consumption"
            }
        },
        {
            "type": "Microsoft.Devices/IotHubs",
            "apiVersion": "2019-11-04",
            "name": "[parameters('IotHubs_iothub5AE800F5_name')]",
            "location": "westeurope",
            "sku": {
                "name": "F1",
                "tier": "Free",
                "capacity": 1
            },
            "properties": {
                "ipFilterRules": [],
                "eventHubEndpoints": {
                    "events": {
                        "retentionTimeInDays": 1,
                        "partitionCount": 2
                    }
                },
                "routing": {
                    "endpoints": {
                        "serviceBusQueues": [],
                        "serviceBusTopics": [],
                        "eventHubs": [],
                        "storageContainers": []
                    },
                    "routes": [
                        {
                            "name": "AllMessagesToEvent",
                            "source": "DeviceMessages",
                            "condition": "true",
                            "endpointNames": [
                                "events"
                            ],
                            "isEnabled": true
                        }
                    ],
                    "fallbackRoute": {
                        "name": "$fallback",
                        "source": "DeviceMessages",
                        "condition": "true",
                        "endpointNames": [
                            "events"
                        ],
                        "isEnabled": true
                    }
                },
                "storageEndpoints": {
                    "$default": {
                        "sasTtlAsIso8601": "PT1H",
                        "connectionString": "[parameters('IotHubs_iothub5AE800F5_connectionString')]",
                        "containerName": "[parameters('IotHubs_iothub5AE800F5_containerName')]"
                    }
                },
                "messagingEndpoints": {
                    "fileNotifications": {
                        "lockDurationAsIso8601": "PT1M",
                        "ttlAsIso8601": "PT1H",
                        "maxDeliveryCount": 10
                    }
                },
                "enableFileUploadNotifications": false,
                "cloudToDevice": {
                    "maxDeliveryCount": 10,
                    "defaultTtlAsIso8601": "PT1H",
                    "feedback": {
                        "lockDurationAsIso8601": "PT1M",
                        "ttlAsIso8601": "PT1H",
                        "maxDeliveryCount": 10
                    }
                },
                "features": "None"
            }
        },
        {
            "type": "Microsoft.Portal/dashboards",
            "apiVersion": "2019-01-01-preview",
            "name": "[parameters('dashboards_9ff3b0b6_b28a_4460_b7dd_6e6855ff0fd4_dashboard_name')]",
            "location": "westeurope",
            "tags": {
                "hidden-title": "iotfunc5ae800f5 Dashboard"
            },
            "properties": {
                "lenses": {
                    "0": {
                        "order": 0,
                        "parts": {
                            "0": {
                                "position": {
                                    "x": 0,
                                    "y": 0,
                                    "rowSpan": 1,
                                    "colSpan": 2
                                },
                                "metadata": {
                                    "inputs": [
                                        {
                                            "name": "id",
                                            "value": "[parameters('components_iotfunc5AE800F5_externalid')]"
                                        },
                                        {
                                            "name": "Version",
                                            "value": "1.0"
                                        }
                                    ],
                                    "type": "Extension/AppInsightsExtension/PartType/AspNetOverviewPinnedPart",
                                    "asset": {},
                                    "defaultMenuItemId": "overview"
                                }
                            },
                            "1": {
                                "position": {
                                    "x": 2,
                                    "y": 0,
                                    "rowSpan": 1,
                                    "colSpan": 1
                                },
                                "metadata": {
                                    "inputs": [
                                        {
                                            "name": "ComponentId",
                                            "value": {
                                                "Name": "iotfunc5AE800F5",
                                                "SubscriptionId": "c4b36e57-94c5-4b3d-8ff0-053c9c798731",
                                                "ResourceGroup": "IoTCapstoneRG"
                                            }
                                        },
                                        {
                                            "name": "Version",
                                            "value": "1.0"
                                        }
                                    ],
                                    "type": "Extension/AppInsightsExtension/PartType/ProactiveDetectionAsyncPart",
                                    "asset": {},
                                    "defaultMenuItemId": "ProactiveDetection"
                                }
                            },
                            "2": {
                                "position": {
                                    "x": 3,
                                    "y": 0,
                                    "rowSpan": 1,
                                    "colSpan": 1
                                },
                                "metadata": {
                                    "inputs": [
                                        {
                                            "name": "ComponentId",
                                            "value": {
                                                "Name": "iotfunc5AE800F5",
                                                "SubscriptionId": "c4b36e57-94c5-4b3d-8ff0-053c9c798731",
                                                "ResourceGroup": "IoTCapstoneRG"
                                            }
                                        },
                                        {
                                            "name": "ResourceId",
                                            "value": "[parameters('components_iotfunc5AE800F5_externalid')]"
                                        }
                                    ],
                                    "type": "Extension/AppInsightsExtension/PartType/QuickPulseButtonSmallPart",
                                    "asset": {}
                                }
                            },
                            "3": {
                                "position": {
                                    "x": 4,
                                    "y": 0,
                                    "rowSpan": 1,
                                    "colSpan": 1
                                },
                                "metadata": {
                                    "inputs": [
                                        {
                                            "name": "ComponentId",
                                            "value": {
                                                "Name": "iotfunc5AE800F5",
                                                "SubscriptionId": "c4b36e57-94c5-4b3d-8ff0-053c9c798731",
                                                "ResourceGroup": "IoTCapstoneRG"
                                            }
                                        },
                                        {
                                            "name": "TimeContext",
                                            "value": {
                                                "durationMs": 86400000,
                                                "endTime": null,
                                                "createdTime": "2018-05-04T01:20:33.345Z",
                                                "isInitialTime": true,
                                                "grain": 1,
                                                "useDashboardTimeRange": false
                                            }
                                        },
                                        {
                                            "name": "Version",
                                            "value": "1.0"
                                        }
                                    ],
                                    "type": "Extension/AppInsightsExtension/PartType/AvailabilityNavButtonPart",
                                    "asset": {}
                                }
                            },
                            "4": {
                                "position": {
                                    "x": 5,
                                    "y": 0,
                                    "rowSpan": 1,
                                    "colSpan": 1
                                },
                                "metadata": {
                                    "inputs": [
                                        {
                                            "name": "ComponentId",
                                            "value": {
                                                "Name": "iotfunc5AE800F5",
                                                "SubscriptionId": "c4b36e57-94c5-4b3d-8ff0-053c9c798731",
                                                "ResourceGroup": "IoTCapstoneRG"
                                            }
                                        },
                                        {
                                            "name": "TimeContext",
                                            "value": {
                                                "durationMs": 86400000,
                                                "endTime": null,
                                                "createdTime": "2018-05-08T18:47:35.237Z",
                                                "isInitialTime": true,
                                                "grain": 1,
                                                "useDashboardTimeRange": false
                                            }
                                        },
                                        {
                                            "name": "ConfigurationId",
                                            "value": "78ce933e-e864-4b05-a27b-71fd55a6afad"
                                        }
                                    ],
                                    "type": "Extension/AppInsightsExtension/PartType/AppMapButtonPart",
                                    "asset": {}
                                }
                            },
                            "5": {
                                "position": {
                                    "x": 0,
                                    "y": 1,
                                    "rowSpan": 1,
                                    "colSpan": 3
                                },
                                "metadata": {
                                    "inputs": [],
                                    "type": "Extension[azure]/HubsExtension/PartType/MarkdownPart",
                                    "settings": {}
                                }
                            },
                            "6": {
                                "position": {
                                    "x": 3,
                                    "y": 1,
                                    "rowSpan": 1,
                                    "colSpan": 1
                                },
                                "metadata": {
                                    "inputs": [
                                        {
                                            "name": "ComponentId",
                                            "value": {
                                                "Name": "iotfunc5AE800F5",
                                                "SubscriptionId": "c4b36e57-94c5-4b3d-8ff0-053c9c798731",
                                                "ResourceGroup": "IoTCapstoneRG"
                                            }
                                        },
                                        {
                                            "name": "TimeContext",
                                            "value": {
                                                "durationMs": 86400000,
                                                "endTime": null,
                                                "createdTime": "2018-05-04T01:22:35.782Z",
                                                "isInitialTime": true,
                                                "grain": 1,
                                                "useDashboardTimeRange": false
                                            }
                                        }
                                    ],
                                    "type": "Extension/AppInsightsExtension/PartType/UsageUsersOverviewPart",
                                    "asset": {}
                                }
                            },
                            "7": {
                                "position": {
                                    "x": 4,
                                    "y": 1,
                                    "rowSpan": 1,
                                    "colSpan": 3
                                },
                                "metadata": {
                                    "inputs": [],
                                    "type": "Extension[azure]/HubsExtension/PartType/MarkdownPart",
                                    "settings": {}
                                }
                            },
                            "8": {
                                "position": {
                                    "x": 7,
                                    "y": 1,
                                    "rowSpan": 1,
                                    "colSpan": 1
                                },
                                "metadata": {
                                    "inputs": [
                                        {
                                            "name": "ResourceId",
                                            "value": "[parameters('components_iotfunc5AE800F5_externalid')]"
                                        },
                                        {
                                            "name": "DataModel",
                                            "value": {
                                                "version": "1.0.0",
                                                "timeContext": {
                                                    "durationMs": 86400000,
                                                    "createdTime": "2018-05-04T23:42:40.072Z",
                                                    "isInitialTime": false,
                                                    "grain": 1,
                                                    "useDashboardTimeRange": false
                                                }
                                            },
                                            "isOptional": true
                                        },
                                        {
                                            "name": "ConfigurationId",
                                            "value": "8a02f7bf-ac0f-40e1-afe9-f0e72cfee77f",
                                            "isOptional": true
                                        }
                                    ],
                                    "type": "Extension/AppInsightsExtension/PartType/CuratedBladeFailuresPinnedPart",
                                    "isAdapter": true,
                                    "asset": {},
                                    "defaultMenuItemId": "failures"
                                }
                            },
                            "9": {
                                "position": {
                                    "x": 8,
                                    "y": 1,
                                    "rowSpan": 1,
                                    "colSpan": 3
                                },
                                "metadata": {
                                    "inputs": [],
                                    "type": "Extension[azure]/HubsExtension/PartType/MarkdownPart",
                                    "settings": {}
                                }
                            },
                            "10": {
                                "position": {
                                    "x": 11,
                                    "y": 1,
                                    "rowSpan": 1,
                                    "colSpan": 1
                                },
                                "metadata": {
                                    "inputs": [
                                        {
                                            "name": "ResourceId",
                                            "value": "[parameters('components_iotfunc5AE800F5_externalid')]"
                                        },
                                        {
                                            "name": "DataModel",
                                            "value": {
                                                "version": "1.0.0",
                                                "timeContext": {
                                                    "durationMs": 86400000,
                                                    "createdTime": "2018-05-04T23:43:37.804Z",
                                                    "isInitialTime": false,
                                                    "grain": 1,
                                                    "useDashboardTimeRange": false
                                                }
                                            },
                                            "isOptional": true
                                        },
                                        {
                                            "name": "ConfigurationId",
                                            "value": "2a8ede4f-2bee-4b9c-aed9-2db0e8a01865",
                                            "isOptional": true
                                        }
                                    ],
                                    "type": "Extension/AppInsightsExtension/PartType/CuratedBladePerformancePinnedPart",
                                    "isAdapter": true,
                                    "asset": {},
                                    "defaultMenuItemId": "performance"
                                }
                            },
                            "11": {
                                "position": {
                                    "x": 12,
                                    "y": 1,
                                    "rowSpan": 1,
                                    "colSpan": 3
                                },
                                "metadata": {
                                    "inputs": [],
                                    "type": "Extension[azure]/HubsExtension/PartType/MarkdownPart",
                                    "settings": {}
                                }
                            },
                            "12": {
                                "position": {
                                    "x": 15,
                                    "y": 1,
                                    "rowSpan": 1,
                                    "colSpan": 1
                                },
                                "metadata": {
                                    "inputs": [
                                        {
                                            "name": "ComponentId",
                                            "value": {
                                                "Name": "iotfunc5AE800F5",
                                                "SubscriptionId": "c4b36e57-94c5-4b3d-8ff0-053c9c798731",
                                                "ResourceGroup": "IoTCapstoneRG"
                                            }
                                        },
                                        {
                                            "name": "MetricsExplorerJsonDefinitionId",
                                            "value": "BrowserPerformanceTimelineMetrics"
                                        },
                                        {
                                            "name": "TimeContext",
                                            "value": {
                                                "durationMs": 86400000,
                                                "createdTime": "2018-05-08T12:16:27.534Z",
                                                "isInitialTime": false,
                                                "grain": 1,
                                                "useDashboardTimeRange": false
                                            }
                                        },
                                        {
                                            "name": "CurrentFilter",
                                            "value": {
                                                "eventTypes": [
                                                    4,
                                                    1,
                                                    3,
                                                    5,
                                                    2,
                                                    6,
                                                    13
                                                ],
                                                "typeFacets": {},
                                                "isPermissive": false
                                            }
                                        },
                                        {
                                            "name": "id",
                                            "value": {
                                                "Name": "iotfunc5AE800F5",
                                                "SubscriptionId": "c4b36e57-94c5-4b3d-8ff0-053c9c798731",
                                                "ResourceGroup": "IoTCapstoneRG"
                                            }
                                        },
                                        {
                                            "name": "Version",
                                            "value": "1.0"
                                        }
                                    ],
                                    "type": "Extension/AppInsightsExtension/PartType/MetricsExplorerBladePinnedPart",
                                    "asset": {},
                                    "defaultMenuItemId": "browser"
                                }
                            },
                            "13": {
                                "position": {
                                    "x": 0,
                                    "y": 2,
                                    "rowSpan": 3,
                                    "colSpan": 4
                                },
                                "metadata": {
                                    "inputs": [
                                        {
                                            "name": "options",
                                            "value": {
                                                "chart": {
                                                    "metrics": [
                                                        {
                                                            "resourceMetadata": {
                                                                "id": "[parameters('components_iotfunc5AE800F5_externalid')]"
                                                            },
                                                            "name": "sessions/count",
                                                            "aggregationType": 5,
                                                            "namespace": "microsoft.insights/components/kusto",
                                                            "metricVisualization": {
                                                                "displayName": "Sessions",
                                                                "color": "#47BDF5"
                                                            }
                                                        },
                                                        {
                                                            "resourceMetadata": {
                                                                "id": "[parameters('components_iotfunc5AE800F5_externalid')]"
                                                            },
                                                            "name": "users/count",
                                                            "aggregationType": 5,
                                                            "namespace": "microsoft.insights/components/kusto",
                                                            "metricVisualization": {
                                                                "displayName": "Users",
                                                                "color": "#7E58FF"
                                                            }
                                                        }
                                                    ],
                                                    "title": "Unique sessions and users",
                                                    "visualization": {
                                                        "chartType": 2,
                                                        "legendVisualization": {
                                                            "isVisible": true,
                                                            "position": 2,
                                                            "hideSubtitle": false
                                                        },
                                                        "axisVisualization": {
                                                            "x": {
                                                                "isVisible": true,
                                                                "axisType": 2
                                                            },
                                                            "y": {
                                                                "isVisible": true,
                                                                "axisType": 1
                                                            }
                                                        }
                                                    },
                                                    "openBladeOnClick": {
                                                        "openBlade": true,
                                                        "destinationBlade": {
                                                            "extensionName": "HubsExtension",
                                                            "bladeName": "ResourceMenuBlade",
                                                            "parameters": {
                                                                "id": "[parameters('components_iotfunc5AE800F5_externalid')]",
                                                                "menuid": "segmentationUsers"
                                                            }
                                                        }
                                                    }
                                                }
                                            }
                                        },
                                        {
                                            "name": "sharedTimeRange",
                                            "isOptional": true
                                        }
                                    ],
                                    "type": "Extension/HubsExtension/PartType/MonitorChartPart",
                                    "settings": {}
                                }
                            },
                            "14": {
                                "position": {
                                    "x": 4,
                                    "y": 2,
                                    "rowSpan": 3,
                                    "colSpan": 4
                                },
                                "metadata": {
                                    "inputs": [
                                        {
                                            "name": "options",
                                            "value": {
                                                "chart": {
                                                    "metrics": [
                                                        {
                                                            "resourceMetadata": {
                                                                "id": "[parameters('components_iotfunc5AE800F5_externalid')]"
                                                            },
                                                            "name": "requests/failed",
                                                            "aggregationType": 7,
                                                            "namespace": "microsoft.insights/components",
                                                            "metricVisualization": {
                                                                "displayName": "Failed requests",
                                                                "color": "#EC008C"
                                                            }
                                                        }
                                                    ],
                                                    "title": "Failed requests",
                                                    "visualization": {
                                                        "chartType": 3,
                                                        "legendVisualization": {
                                                            "isVisible": true,
                                                            "position": 2,
                                                            "hideSubtitle": false
                                                        },
                                                        "axisVisualization": {
                                                            "x": {
                                                                "isVisible": true,
                                                                "axisType": 2
                                                            },
                                                            "y": {
                                                                "isVisible": true,
                                                                "axisType": 1
                                                            }
                                                        }
                                                    },
                                                    "openBladeOnClick": {
                                                        "openBlade": true,
                                                        "destinationBlade": {
                                                            "extensionName": "HubsExtension",
                                                            "bladeName": "ResourceMenuBlade",
                                                            "parameters": {
                                                                "id": "[parameters('components_iotfunc5AE800F5_externalid')]",
                                                                "menuid": "failures"
                                                            }
                                                        }
                                                    }
                                                }
                                            }
                                        },
                                        {
                                            "name": "sharedTimeRange",
                                            "isOptional": true
                                        }
                                    ],
                                    "type": "Extension/HubsExtension/PartType/MonitorChartPart",
                                    "settings": {}
                                }
                            },
                            "15": {
                                "position": {
                                    "x": 8,
                                    "y": 2,
                                    "rowSpan": 3,
                                    "colSpan": 4
                                },
                                "metadata": {
                                    "inputs": [
                                        {
                                            "name": "options",
                                            "value": {
                                                "chart": {
                                                    "metrics": [
                                                        {
                                                            "resourceMetadata": {
                                                                "id": "[parameters('components_iotfunc5AE800F5_externalid')]"
                                                            },
                                                            "name": "requests/duration",
                                                            "aggregationType": 4,
                                                            "namespace": "microsoft.insights/components",
                                                            "metricVisualization": {
                                                                "displayName": "Server response time",
                                                                "color": "#00BCF2"
                                                            }
                                                        }
                                                    ],
                                                    "title": "Server response time",
                                                    "visualization": {
                                                        "chartType": 2,
                                                        "legendVisualization": {
                                                            "isVisible": true,
                                                            "position": 2,
                                                            "hideSubtitle": false
                                                        },
                                                        "axisVisualization": {
                                                            "x": {
                                                                "isVisible": true,
                                                                "axisType": 2
                                                            },
                                                            "y": {
                                                                "isVisible": true,
                                                                "axisType": 1
                                                            }
                                                        }
                                                    },
                                                    "openBladeOnClick": {
                                                        "openBlade": true,
                                                        "destinationBlade": {
                                                            "extensionName": "HubsExtension",
                                                            "bladeName": "ResourceMenuBlade",
                                                            "parameters": {
                                                                "id": "[parameters('components_iotfunc5AE800F5_externalid')]",
                                                                "menuid": "performance"
                                                            }
                                                        }
                                                    }
                                                }
                                            }
                                        },
                                        {
                                            "name": "sharedTimeRange",
                                            "isOptional": true
                                        }
                                    ],
                                    "type": "Extension/HubsExtension/PartType/MonitorChartPart",
                                    "settings": {}
                                }
                            },
                            "16": {
                                "position": {
                                    "x": 12,
                                    "y": 2,
                                    "rowSpan": 3,
                                    "colSpan": 4
                                },
                                "metadata": {
                                    "inputs": [
                                        {
                                            "name": "options",
                                            "value": {
                                                "chart": {
                                                    "metrics": [
                                                        {
                                                            "resourceMetadata": {
                                                                "id": "[parameters('components_iotfunc5AE800F5_externalid')]"
                                                            },
                                                            "name": "browserTimings/networkDuration",
                                                            "aggregationType": 4,
                                                            "namespace": "microsoft.insights/components",
                                                            "metricVisualization": {
                                                                "displayName": "Page load network connect time",
                                                                "color": "#7E58FF"
                                                            }
                                                        },
                                                        {
                                                            "resourceMetadata": {
                                                                "id": "[parameters('components_iotfunc5AE800F5_externalid')]"
                                                            },
                                                            "name": "browserTimings/processingDuration",
                                                            "aggregationType": 4,
                                                            "namespace": "microsoft.insights/components",
                                                            "metricVisualization": {
                                                                "displayName": "Client processing time",
                                                                "color": "#44F1C8"
                                                            }
                                                        },
                                                        {
                                                            "resourceMetadata": {
                                                                "id": "[parameters('components_iotfunc5AE800F5_externalid')]"
                                                            },
                                                            "name": "browserTimings/sendDuration",
                                                            "aggregationType": 4,
                                                            "namespace": "microsoft.insights/components",
                                                            "metricVisualization": {
                                                                "displayName": "Send request time",
                                                                "color": "#EB9371"
                                                            }
                                                        },
                                                        {
                                                            "resourceMetadata": {
                                                                "id": "[parameters('components_iotfunc5AE800F5_externalid')]"
                                                            },
                                                            "name": "browserTimings/receiveDuration",
                                                            "aggregationType": 4,
                                                            "namespace": "microsoft.insights/components",
                                                            "metricVisualization": {
                                                                "displayName": "Receiving response time",
                                                                "color": "#0672F1"
                                                            }
                                                        }
                                                    ],
                                                    "title": "Average page load time breakdown",
                                                    "visualization": {
                                                        "chartType": 3,
                                                        "legendVisualization": {
                                                            "isVisible": true,
                                                            "position": 2,
                                                            "hideSubtitle": false
                                                        },
                                                        "axisVisualization": {
                                                            "x": {
                                                                "isVisible": true,
                                                                "axisType": 2
                                                            },
                                                            "y": {
                                                                "isVisible": true,
                                                                "axisType": 1
                                                            }
                                                        }
                                                    }
                                                }
                                            }
                                        },
                                        {
                                            "name": "sharedTimeRange",
                                            "isOptional": true
                                        }
                                    ],
                                    "type": "Extension/HubsExtension/PartType/MonitorChartPart",
                                    "settings": {}
                                }
                            },
                            "17": {
                                "position": {
                                    "x": 0,
                                    "y": 5,
                                    "rowSpan": 3,
                                    "colSpan": 4
                                },
                                "metadata": {
                                    "inputs": [
                                        {
                                            "name": "options",
                                            "value": {
                                                "chart": {
                                                    "metrics": [
                                                        {
                                                            "resourceMetadata": {
                                                                "id": "[parameters('components_iotfunc5AE800F5_externalid')]"
                                                            },
                                                            "name": "availabilityResults/availabilityPercentage",
                                                            "aggregationType": 4,
                                                            "namespace": "microsoft.insights/components",
                                                            "metricVisualization": {
                                                                "displayName": "Availability",
                                                                "color": "#47BDF5"
                                                            }
                                                        }
                                                    ],
                                                    "title": "Average availability",
                                                    "visualization": {
                                                        "chartType": 3,
                                                        "legendVisualization": {
                                                            "isVisible": true,
                                                            "position": 2,
                                                            "hideSubtitle": false
                                                        },
                                                        "axisVisualization": {
                                                            "x": {
                                                                "isVisible": true,
                                                                "axisType": 2
                                                            },
                                                            "y": {
                                                                "isVisible": true,
                                                                "axisType": 1
                                                            }
                                                        }
                                                    },
                                                    "openBladeOnClick": {
                                                        "openBlade": true,
                                                        "destinationBlade": {
                                                            "extensionName": "HubsExtension",
                                                            "bladeName": "ResourceMenuBlade",
                                                            "parameters": {
                                                                "id": "[parameters('components_iotfunc5AE800F5_externalid')]",
                                                                "menuid": "availability"
                                                            }
                                                        }
                                                    }
                                                }
                                            }
                                        },
                                        {
                                            "name": "sharedTimeRange",
                                            "isOptional": true
                                        }
                                    ],
                                    "type": "Extension/HubsExtension/PartType/MonitorChartPart",
                                    "settings": {}
                                }
                            },
                            "18": {
                                "position": {
                                    "x": 4,
                                    "y": 5,
                                    "rowSpan": 3,
                                    "colSpan": 4
                                },
                                "metadata": {
                                    "inputs": [
                                        {
                                            "name": "options",
                                            "value": {
                                                "chart": {
                                                    "metrics": [
                                                        {
                                                            "resourceMetadata": {
                                                                "id": "[parameters('components_iotfunc5AE800F5_externalid')]"
                                                            },
                                                            "name": "exceptions/server",
                                                            "aggregationType": 7,
                                                            "namespace": "microsoft.insights/components",
                                                            "metricVisualization": {
                                                                "displayName": "Server exceptions",
                                                                "color": "#47BDF5"
                                                            }
                                                        },
                                                        {
                                                            "resourceMetadata": {
                                                                "id": "[parameters('components_iotfunc5AE800F5_externalid')]"
                                                            },
                                                            "name": "dependencies/failed",
                                                            "aggregationType": 7,
                                                            "namespace": "microsoft.insights/components",
                                                            "metricVisualization": {
                                                                "displayName": "Dependency failures",
                                                                "color": "#7E58FF"
                                                            }
                                                        }
                                                    ],
                                                    "title": "Server exceptions and Dependency failures",
                                                    "visualization": {
                                                        "chartType": 2,
                                                        "legendVisualization": {
                                                            "isVisible": true,
                                                            "position": 2,
                                                            "hideSubtitle": false
                                                        },
                                                        "axisVisualization": {
                                                            "x": {
                                                                "isVisible": true,
                                                                "axisType": 2
                                                            },
                                                            "y": {
                                                                "isVisible": true,
                                                                "axisType": 1
                                                            }
                                                        }
                                                    }
                                                }
                                            }
                                        },
                                        {
                                            "name": "sharedTimeRange",
                                            "isOptional": true
                                        }
                                    ],
                                    "type": "Extension/HubsExtension/PartType/MonitorChartPart",
                                    "settings": {}
                                }
                            },
                            "19": {
                                "position": {
                                    "x": 8,
                                    "y": 5,
                                    "rowSpan": 3,
                                    "colSpan": 4
                                },
                                "metadata": {
                                    "inputs": [
                                        {
                                            "name": "options",
                                            "value": {
                                                "chart": {
                                                    "metrics": [
                                                        {
                                                            "resourceMetadata": {
                                                                "id": "[parameters('components_iotfunc5AE800F5_externalid')]"
                                                            },
                                                            "name": "performanceCounters/processorCpuPercentage",
                                                            "aggregationType": 4,
                                                            "namespace": "microsoft.insights/components",
                                                            "metricVisualization": {
                                                                "displayName": "Processor time",
                                                                "color": "#47BDF5"
                                                            }
                                                        },
                                                        {
                                                            "resourceMetadata": {
                                                                "id": "[parameters('components_iotfunc5AE800F5_externalid')]"
                                                            },
                                                            "name": "performanceCounters/processCpuPercentage",
                                                            "aggregationType": 4,
                                                            "namespace": "microsoft.insights/components",
                                                            "metricVisualization": {
                                                                "displayName": "Process CPU",
                                                                "color": "#7E58FF"
                                                            }
                                                        }
                                                    ],
                                                    "title": "Average processor and process CPU utilization",
                                                    "visualization": {
                                                        "chartType": 2,
                                                        "legendVisualization": {
                                                            "isVisible": true,
                                                            "position": 2,
                                                            "hideSubtitle": false
                                                        },
                                                        "axisVisualization": {
                                                            "x": {
                                                                "isVisible": true,
                                                                "axisType": 2
                                                            },
                                                            "y": {
                                                                "isVisible": true,
                                                                "axisType": 1
                                                            }
                                                        }
                                                    }
                                                }
                                            }
                                        },
                                        {
                                            "name": "sharedTimeRange",
                                            "isOptional": true
                                        }
                                    ],
                                    "type": "Extension/HubsExtension/PartType/MonitorChartPart",
                                    "settings": {}
                                }
                            },
                            "20": {
                                "position": {
                                    "x": 12,
                                    "y": 5,
                                    "rowSpan": 3,
                                    "colSpan": 4
                                },
                                "metadata": {
                                    "inputs": [
                                        {
                                            "name": "options",
                                            "value": {
                                                "chart": {
                                                    "metrics": [
                                                        {
                                                            "resourceMetadata": {
                                                                "id": "[parameters('components_iotfunc5AE800F5_externalid')]"
                                                            },
                                                            "name": "exceptions/browser",
                                                            "aggregationType": 7,
                                                            "namespace": "microsoft.insights/components",
                                                            "metricVisualization": {
                                                                "displayName": "Browser exceptions",
                                                                "color": "#47BDF5"
                                                            }
                                                        }
                                                    ],
                                                    "title": "Browser exceptions",
                                                    "visualization": {
                                                        "chartType": 2,
                                                        "legendVisualization": {
                                                            "isVisible": true,
                                                            "position": 2,
                                                            "hideSubtitle": false
                                                        },
                                                        "axisVisualization": {
                                                            "x": {
                                                                "isVisible": true,
                                                                "axisType": 2
                                                            },
                                                            "y": {
                                                                "isVisible": true,
                                                                "axisType": 1
                                                            }
                                                        }
                                                    }
                                                }
                                            }
                                        },
                                        {
                                            "name": "sharedTimeRange",
                                            "isOptional": true
                                        }
                                    ],
                                    "type": "Extension/HubsExtension/PartType/MonitorChartPart",
                                    "settings": {}
                                }
                            },
                            "21": {
                                "position": {
                                    "x": 0,
                                    "y": 8,
                                    "rowSpan": 3,
                                    "colSpan": 4
                                },
                                "metadata": {
                                    "inputs": [
                                        {
                                            "name": "options",
                                            "value": {
                                                "chart": {
                                                    "metrics": [
                                                        {
                                                            "resourceMetadata": {
                                                                "id": "[parameters('components_iotfunc5AE800F5_externalid')]"
                                                            },
                                                            "name": "availabilityResults/count",
                                                            "aggregationType": 7,
                                                            "namespace": "microsoft.insights/components",
                                                            "metricVisualization": {
                                                                "displayName": "Availability test results count",
                                                                "color": "#47BDF5"
                                                            }
                                                        }
                                                    ],
                                                    "title": "Availability test results count",
                                                    "visualization": {
                                                        "chartType": 2,
                                                        "legendVisualization": {
                                                            "isVisible": true,
                                                            "position": 2,
                                                            "hideSubtitle": false
                                                        },
                                                        "axisVisualization": {
                                                            "x": {
                                                                "isVisible": true,
                                                                "axisType": 2
                                                            },
                                                            "y": {
                                                                "isVisible": true,
                                                                "axisType": 1
                                                            }
                                                        }
                                                    }
                                                }
                                            }
                                        },
                                        {
                                            "name": "sharedTimeRange",
                                            "isOptional": true
                                        }
                                    ],
                                    "type": "Extension/HubsExtension/PartType/MonitorChartPart",
                                    "settings": {}
                                }
                            },
                            "22": {
                                "position": {
                                    "x": 4,
                                    "y": 8,
                                    "rowSpan": 3,
                                    "colSpan": 4
                                },
                                "metadata": {
                                    "inputs": [
                                        {
                                            "name": "options",
                                            "value": {
                                                "chart": {
                                                    "metrics": [
                                                        {
                                                            "resourceMetadata": {
                                                                "id": "[parameters('components_iotfunc5AE800F5_externalid')]"
                                                            },
                                                            "name": "performanceCounters/processIOBytesPerSecond",
                                                            "aggregationType": 4,
                                                            "namespace": "microsoft.insights/components",
                                                            "metricVisualization": {
                                                                "displayName": "Process IO rate",
                                                                "color": "#47BDF5"
                                                            }
                                                        }
                                                    ],
                                                    "title": "Average process I/O rate",
                                                    "visualization": {
                                                        "chartType": 2,
                                                        "legendVisualization": {
                                                            "isVisible": true,
                                                            "position": 2,
                                                            "hideSubtitle": false
                                                        },
                                                        "axisVisualization": {
                                                            "x": {
                                                                "isVisible": true,
                                                                "axisType": 2
                                                            },
                                                            "y": {
                                                                "isVisible": true,
                                                                "axisType": 1
                                                            }
                                                        }
                                                    }
                                                }
                                            }
                                        },
                                        {
                                            "name": "sharedTimeRange",
                                            "isOptional": true
                                        }
                                    ],
                                    "type": "Extension/HubsExtension/PartType/MonitorChartPart",
                                    "settings": {}
                                }
                            },
                            "23": {
                                "position": {
                                    "x": 8,
                                    "y": 8,
                                    "rowSpan": 3,
                                    "colSpan": 4
                                },
                                "metadata": {
                                    "inputs": [
                                        {
                                            "name": "options",
                                            "value": {
                                                "chart": {
                                                    "metrics": [
                                                        {
                                                            "resourceMetadata": {
                                                                "id": "[parameters('components_iotfunc5AE800F5_externalid')]"
                                                            },
                                                            "name": "performanceCounters/memoryAvailableBytes",
                                                            "aggregationType": 4,
                                                            "namespace": "microsoft.insights/components",
                                                            "metricVisualization": {
                                                                "displayName": "Available memory",
                                                                "color": "#47BDF5"
                                                            }
                                                        }
                                                    ],
                                                    "title": "Average available memory",
                                                    "visualization": {
                                                        "chartType": 2,
                                                        "legendVisualization": {
                                                            "isVisible": true,
                                                            "position": 2,
                                                            "hideSubtitle": false
                                                        },
                                                        "axisVisualization": {
                                                            "x": {
                                                                "isVisible": true,
                                                                "axisType": 2
                                                            },
                                                            "y": {
                                                                "isVisible": true,
                                                                "axisType": 1
                                                            }
                                                        }
                                                    }
                                                }
                                            }
                                        },
                                        {
                                            "name": "sharedTimeRange",
                                            "isOptional": true
                                        }
                                    ],
                                    "type": "Extension/HubsExtension/PartType/MonitorChartPart",
                                    "settings": {}
                                }
                            }
                        }
                    }
                }
            }
        },
        {
            "type": "Microsoft.Storage/storageAccounts",
            "apiVersion": "2019-04-01",
            "name": "[parameters('storageAccounts_dev302xwml2104_name')]",
            "location": "westeurope",
            "sku": {
                "name": "Standard_LRS",
                "tier": "Standard"
            },
            "kind": "StorageV2",
            "properties": {
                "networkAcls": {
                    "bypass": "AzureServices",
                    "virtualNetworkRules": [],
                    "ipRules": [],
                    "defaultAction": "Allow"
                },
                "supportsHttpsTrafficOnly": true,
                "encryption": {
                    "services": {
                        "file": {
                            "enabled": true
                        },
                        "blob": {
                            "enabled": true
                        }
                    },
                    "keySource": "Microsoft.Storage"
                },
                "accessTier": "Hot"
            }
        },
        {
            "type": "Microsoft.StreamAnalytics/streamingjobs",
            "apiVersion": "2016-03-01",
            "name": "[parameters('streamingjobs_iotasa5ae800f5_name')]",
            "location": "West Europe",
            "properties": {
                "sku": {
                    "name": "Standard"
                },
                "outputStartMode": "JobStartTime",
                "outputStartTime": "2019-12-14T21:01:52.883Z",
                "eventsOutOfOrderPolicy": "Adjust",
                "outputErrorPolicy": "Stop",
                "eventsOutOfOrderMaxDelayInSeconds": 0,
                "eventsLateArrivalMaxDelayInSeconds": 5,
                "dataLocale": "en-US",
                "compatibilityLevel": "1.1"
            }
        },
        {
            "type": "Microsoft.Web/serverfarms",
            "apiVersion": "2018-02-01",
            "name": "[parameters('serverfarms_ASP_IoTCapstoneRG_ad48_name')]",
            "location": "West Europe",
            "sku": {
                "name": "Y1",
                "tier": "Dynamic",
                "size": "Y1",
                "family": "Y",
                "capacity": 0
            },
            "kind": "functionapp",
            "properties": {
                "perSiteScaling": false,
                "maximumElasticWorkerCount": 1,
                "isSpot": false,
                "reserved": false,
                "isXenon": false,
                "hyperV": false,
                "targetWorkerCount": 0,
                "targetWorkerSizeId": 0
            }
        },
        {
            "type": "Microsoft.Web/serverfarms",
            "apiVersion": "2018-02-01",
            "name": "[parameters('serverfarms_WestEuropePlan_name')]",
            "location": "West Europe",
            "sku": {
                "name": "Y1",
                "tier": "Dynamic",
                "size": "Y1",
                "family": "Y",
                "capacity": 0
            },
            "kind": "functionapp",
            "properties": {
                "perSiteScaling": false,
                "maximumElasticWorkerCount": 1,
                "isSpot": false,
                "reserved": false,
                "isXenon": false,
                "hyperV": false,
                "targetWorkerCount": 0,
                "targetWorkerSizeId": 0
            }
        },
        {
            "type": "Microsoft.DataLakeAnalytics/accounts/dataLakeStoreAccounts",
            "apiVersion": "2016-11-01",
            "name": "[concat(parameters('accounts_iotdla5ae800f5_name'), '/iotdls5ae800f5')]",
            "dependsOn": [
                "[resourceId('Microsoft.DataLakeAnalytics/accounts', parameters('accounts_iotdla5ae800f5_name'))]"
            ],
            "properties": {
                "suffix": "azuredatalakestore.net"
            }
        },
        {
            "type": "Microsoft.Storage/storageAccounts/blobServices",
            "apiVersion": "2019-04-01",
            "name": "[concat(parameters('storageAccounts_dev302xwml2104_name'), '/default')]",
            "dependsOn": [
                "[resourceId('Microsoft.Storage/storageAccounts', parameters('storageAccounts_dev302xwml2104_name'))]"
            ],
            "sku": {
                "name": "Standard_LRS"
            },
            "properties": {
                "cors": {
                    "corsRules": []
                },
                "deleteRetentionPolicy": {
                    "enabled": false
                }
            }
        },
        {
            "type": "Microsoft.StreamAnalytics/streamingjobs/inputs",
            "apiVersion": "2016-03-01",
            "name": "[concat(parameters('streamingjobs_iotasa5ae800f5_name'), '/input')]",
            "dependsOn": [
                "[resourceId('Microsoft.StreamAnalytics/streamingjobs', parameters('streamingjobs_iotasa5ae800f5_name'))]"
            ],
            "properties": {
                "type": "Stream",
                "datasource": {
                    "type": "Microsoft.Devices/IotHubs",
                    "properties": {
                        "iotHubNamespace": "iothub5AE800F5",
                        "sharedAccessPolicyName": "iothubowner",
                        "endpoint": "messages/events",
                        "consumerGroupName": "$Default"
                    }
                },
                "compression": {
                    "type": "None"
                },
                "partitionKey": "",
                "serialization": {
                    "type": "Json",
                    "properties": {
                        "encoding": "UTF8"
                    }
                },
                "etag": "3d99e934-cab7-410b-abc4-959f856b8120"
            }
        },
        {
            "type": "Microsoft.StreamAnalytics/streamingjobs/outputs",
            "apiVersion": "2016-03-01",
            "name": "[concat(parameters('streamingjobs_iotasa5ae800f5_name'), '/datalake')]",
            "dependsOn": [
                "[resourceId('Microsoft.StreamAnalytics/streamingjobs', parameters('streamingjobs_iotasa5ae800f5_name'))]"
            ],
            "properties": {
                "datasource": {
                    "type": "Microsoft.DataLake/Accounts",
                    "properties": {
                        "filePathPrefix": "telemetry/{date}",
                        "accountName": "iotdls5ae800f5",
                        "tenantId": "24f0e5c9-75a6-4199-a9be-399a6761fe6b",
                        "dateFormat": "yyyy/MM/dd",
                        "timeFormat": "HH",
                        "authenticationMode": "UserToken",
                        "refreshToken": null,
                        "accessToken": null,
                        "tokenUserPrincipalName": "wm.lee@web.de",
                        "tokenUserDisplayName": "Wai-Man Li"
                    }
                },
                "serialization": {
                    "type": "Json",
                    "properties": {
                        "encoding": "UTF8",
                        "format": "Array"
                    }
                }
            }
        },
        {
            "type": "Microsoft.StreamAnalytics/streamingjobs/outputs",
            "apiVersion": "2016-03-01",
            "name": "[concat(parameters('streamingjobs_iotasa5ae800f5_name'), '/output')]",
            "dependsOn": [
                "[resourceId('Microsoft.StreamAnalytics/streamingjobs', parameters('streamingjobs_iotasa5ae800f5_name'))]"
            ],
            "properties": {
                "datasource": {
                    "type": "Microsoft.AzureFunction",
                    "properties": {
                        "functionAppName": "iotfunc5ae800f5",
                        "functionName": "WindSpeedHttpTrigger",
                        "apiKey": null
                    }
                }
            }
        },
        {
            "type": "Microsoft.Web/sites",
            "apiVersion": "2018-11-01",
            "name": "[parameters('sites_iotfunc5ae800f5_name')]",
            "location": "West Europe",
            "dependsOn": [
                "[resourceId('Microsoft.Web/serverfarms', parameters('serverfarms_ASP_IoTCapstoneRG_ad48_name'))]"
            ],
            "kind": "functionapp",
            "properties": {
                "enabled": true,
                "hostNameSslStates": [
                    {
                        "name": "[concat(parameters('sites_iotfunc5ae800f5_name'), '.azurewebsites.net')]",
                        "sslState": "Disabled",
                        "hostType": "Standard"
                    },
                    {
                        "name": "[concat(parameters('sites_iotfunc5ae800f5_name'), '.scm.azurewebsites.net')]",
                        "sslState": "Disabled",
                        "hostType": "Repository"
                    }
                ],
                "serverFarmId": "[resourceId('Microsoft.Web/serverfarms', parameters('serverfarms_ASP_IoTCapstoneRG_ad48_name'))]",
                "reserved": false,
                "isXenon": false,
                "hyperV": false,
                "scmSiteAlsoStopped": false,
                "clientAffinityEnabled": true,
                "clientCertEnabled": false,
                "hostNamesDisabled": false,
                "containerSize": 1536,
                "dailyMemoryTimeQuota": 0,
                "httpsOnly": false,
                "redundancyMode": "None"
            }
        },
        {
            "type": "Microsoft.Web/sites/config",
            "apiVersion": "2018-11-01",
            "name": "[concat(parameters('sites_iotfunc5ae800f5_name'), '/web')]",
            "location": "West Europe",
            "dependsOn": [
                "[resourceId('Microsoft.Web/sites', parameters('sites_iotfunc5ae800f5_name'))]"
            ],
            "properties": {
                "numberOfWorkers": 1,
                "defaultDocuments": [
                    "Default.htm",
                    "Default.html",
                    "Default.asp",
                    "index.htm",
                    "index.html",
                    "iisstart.htm",
                    "default.aspx",
                    "index.php"
                ],
                "netFrameworkVersion": "v4.0",
                "phpVersion": "5.6",
                "pythonVersion": "",
                "nodeVersion": "",
                "linuxFxVersion": "",
                "requestTracingEnabled": false,
                "remoteDebuggingEnabled": false,
                "httpLoggingEnabled": false,
                "logsDirectorySizeLimit": 35,
                "detailedErrorLoggingEnabled": false,
                "publishingUsername": "$iotfunc5ae800f5",
                "scmType": "None",
                "use32BitWorkerProcess": true,
                "webSocketsEnabled": false,
                "alwaysOn": false,
                "appCommandLine": "",
                "managedPipelineMode": "Integrated",
                "virtualApplications": [
                    {
                        "virtualPath": "/",
                        "physicalPath": "site\\wwwroot",
                        "preloadEnabled": false,
                        "virtualDirectories": null
                    }
                ],
                "winAuthAdminState": 0,
                "winAuthTenantState": 0,
                "customAppPoolIdentityAdminState": false,
                "customAppPoolIdentityTenantState": false,
                "loadBalancing": "LeastRequests",
                "routingRules": [],
                "experiments": {
                    "rampUpRules": []
                },
                "autoHealEnabled": false,
                "vnetName": "",
                "siteAuthEnabled": false,
                "siteAuthSettings": {
                    "enabled": null,
                    "unauthenticatedClientAction": null,
                    "tokenStoreEnabled": null,
                    "allowedExternalRedirectUrls": null,
                    "defaultProvider": null,
                    "clientId": null,
                    "clientSecret": null,
                    "clientSecretCertificateThumbprint": null,
                    "issuer": null,
                    "allowedAudiences": null,
                    "additionalLoginParams": null,
                    "isAadAutoProvisioned": false,
                    "googleClientId": null,
                    "googleClientSecret": null,
                    "googleOAuthScopes": null,
                    "facebookAppId": null,
                    "facebookAppSecret": null,
                    "facebookOAuthScopes": null,
                    "twitterConsumerKey": null,
                    "twitterConsumerSecret": null,
                    "microsoftAccountClientId": null,
                    "microsoftAccountClientSecret": null,
                    "microsoftAccountOAuthScopes": null
                },
                "cors": {
                    "allowedOrigins": [
                        "https://functions.azure.com",
                        "https://functions-staging.azure.com",
                        "https://functions-next.azure.com"
                    ],
                    "supportCredentials": false
                },
                "localMySqlEnabled": false,
                "ipSecurityRestrictions": [
                    {
                        "ipAddress": "Any",
                        "action": "Allow",
                        "priority": 1,
                        "name": "Allow all",
                        "description": "Allow all access"
                    }
                ],
                "scmIpSecurityRestrictions": [
                    {
                        "ipAddress": "Any",
                        "action": "Allow",
                        "priority": 1,
                        "name": "Allow all",
                        "description": "Allow all access"
                    }
                ],
                "scmIpSecurityRestrictionsUseMain": false,
                "http20Enabled": false,
                "minTlsVersion": "1.2",
                "ftpsState": "AllAllowed",
                "reservedInstanceCount": 0,
                "fileChangeAuditEnabled": false,
                "functionsRuntimeScaleMonitoringEnabled": false
            }
        },
        {
            "type": "Microsoft.Web/sites/functions",
            "apiVersion": "2018-11-01",
            "name": "[concat(parameters('sites_iotfunc5ae800f5_name'), '/WindSpeedHttpTrigger')]",
            "location": "West Europe",
            "dependsOn": [
                "[resourceId('Microsoft.Web/sites', parameters('sites_iotfunc5ae800f5_name'))]"
            ],
            "properties": {
                "script_root_path_href": "https://iotfunc5ae800f5.azurewebsites.net/admin/vfs/site/wwwroot/WindSpeedHttpTrigger/",
                "script_href": "https://iotfunc5ae800f5.azurewebsites.net/admin/vfs/site/wwwroot/bin/IoTFunctions.dll",
                "config_href": "https://iotfunc5ae800f5.azurewebsites.net/admin/vfs/site/wwwroot/WindSpeedHttpTrigger/function.json",
                "href": "https://iotfunc5ae800f5.azurewebsites.net/admin/functions/WindSpeedHttpTrigger",
                "config": {},
                "test_data": "{\"method\":\"post\",\"body\":\"\",\"queryStringParams\":[],\"headers\":[]}"
            }
        },
        {
            "type": "Microsoft.Web/sites/hostNameBindings",
            "apiVersion": "2018-11-01",
            "name": "[concat(parameters('sites_iotfunc5ae800f5_name'), '/', parameters('sites_iotfunc5ae800f5_name'), '.azurewebsites.net')]",
            "location": "West Europe",
            "dependsOn": [
                "[resourceId('Microsoft.Web/sites', parameters('sites_iotfunc5ae800f5_name'))]"
            ],
            "properties": {
                "siteName": "iotfunc5ae800f5",
                "hostNameType": "Verified"
            }
        },
        {
            "type": "Microsoft.Storage/storageAccounts/blobServices/containers",
            "apiVersion": "2019-04-01",
            "name": "[concat(parameters('storageAccounts_dev302xwml2104_name'), '/default/azure-webjobs-hosts')]",
            "dependsOn": [
                "[resourceId('Microsoft.Storage/storageAccounts/blobServices', parameters('storageAccounts_dev302xwml2104_name'), 'default')]",
                "[resourceId('Microsoft.Storage/storageAccounts', parameters('storageAccounts_dev302xwml2104_name'))]"
            ],
            "properties": {
                "publicAccess": "None"
            }
        },
        {
            "type": "Microsoft.Storage/storageAccounts/blobServices/containers",
            "apiVersion": "2019-04-01",
            "name": "[concat(parameters('storageAccounts_dev302xwml2104_name'), '/default/azure-webjobs-secrets')]",
            "dependsOn": [
                "[resourceId('Microsoft.Storage/storageAccounts/blobServices', parameters('storageAccounts_dev302xwml2104_name'), 'default')]",
                "[resourceId('Microsoft.Storage/storageAccounts', parameters('storageAccounts_dev302xwml2104_name'))]"
            ],
            "properties": {
                "publicAccess": "None"
            }
        }
    ]
}