{
    "$schema": "https://schema.management.azure.com/schemas/2015-01-01/deploymentParameters.json#",
    "contentVersion": "1.0.0.0",
    "parameters": {
        "IotHubs_iothub5ae800f5_connectionString": {
            "value": null
        },
        "IotHubs_iothub5ae800f5_containerName": {
            "value": null
        },
        "IotHubs_iothub5ae800f5_name": {
            "value": null
        },
        "streamingjobs_iotasa5ae800f5_name": {
            "value": null
        },
        "databaseAccounts_iotcosmos5ae800f5_name": {
            "value": null
        },
        "environments_iottsi5ae800f5_name": {
            "value": null
        }
    }
}